ID,Job Title,Company,Location,Date Posted,Relative Age,Job Type,Salary / Compensation,Source,Job URL,Tags,Description Snippet,Scraped At
8be49475c6d5,Content Reviewer - United States,TELUS Digital,USA,2026-09-21,1w ago,Part Time,Competitive / Unspecified,Remotive,https://remotive.com/remote-jobs/all-others/content-reviewer-united-states-2091144,"android, ios, social media, AI/ML","We are looking for an independent, flexible, remote opportunity where you can help improve AI-powered search technology from the comfort of your home? If you're curious, internet-savvy, and enjoy eval...",2026-09-30 19:18:44
3878158d9126,Frontend Web Application Developer,KoboToolbox,"USA, Canada, Argentina, Mexico, Peru",2026-09-18,1w ago,Full Time,$90k - $105k,Remotive,https://remotive.com/remote-jobs/design/frontend-web-application-developer-2091141,"api, django, docker, frontend, git",Location: RemoteAvailability: 35-40 hours per weekWorking hours: US East business hoursReporting to: Lead developer KoboToolbox has an immediate opening for a Frontend Web Application Developer to fil...,2026-09-30 19:18:44
aafaf8a3bbce,Senior Shopify Developer,Sanctuary Computer Inc,Worldwide,2026-09-18,1w ago,Contract,$80k - $150k,Remotive,https://remotive.com/remote-jobs/software-development/senior-shopify-developer-2091140,"admin, api, backend, CSS, frontend","We are hiring a contract-based Senior Shopify Developer to contribute to our Design and Development Team. Original Job posting link here 🌎About garden3d We are worker owned creative collective, innova...",2026-09-30 19:18:44
881d4a87a15b,🇩🇪 Kundenservice Mobilfunk Inbound - innerhalb der EU (ausgenommen: Deutschland),hey contact heroes GmbH,Europe,2026-09-18,1w ago,Freelance,Competitive / Unspecified,Remotive,https://remotive.com/remote-jobs/customer-service/kundenservice-mobilfunk-inbound-innerhalb-der-eu-ausgenommen-deutschland-2091139,,🇩🇪 This job ad is written in German. 🇩🇪 Kennst du schon die hey contact heroes? Noch nicht? Dann wird’s Zeit! Die hey contact heroes stehen für echte Innovationen im Kundenservice! Wir haben uns auf d...,2026-09-30 19:18:44
6c12e7e056f6,Senior AI Engineer,Lemon.io,"Northern America, LATAM, Europe, APAC",2026-09-18,1w ago,Full Time,Competitive / Unspecified,Remotive,https://remotive.com/remote-jobs/artificial-intelligence/senior-ai-engineer-2091131,".Net, android, C, C#, C++",Are you a talented Senior AI Engineer looking for a remote job that lets you show your skills and get decent compensation? Look no further than Lemon.io — the marketplace that connects you with hand-p...,2026-09-30 19:18:44
d4513f60215f,Senior .NET Full-stack Developer,Lemon.io,"Northern America, LATAM, Europe, APAC",2026-09-17,1w ago,Full Time,Competitive / Unspecified,Remotive,https://remotive.com/remote-jobs/software-development/senior-net-full-stack-developer-2091130,".Net, android, C, C#, C++",Are you a talented Senior Developer looking for a remote job that lets you show your skills and get decent compensation? Look no further than Lemon.io — the marketplace that connects you with hand-pic...,2026-09-30 19:18:44
006590bcbb7e,Senior Data Scientist,Lemon.io,"Northern America, LATAM, Europe, APAC",2026-09-16,2w ago,Full Time,Competitive / Unspecified,Remotive,https://remotive.com/remote-jobs/data/senior-data-scientist-2091129,".Net, android, C, C#, C++",Are you a talented Senior Data Scientist looking for a remote job that lets you show your skills and get decent compensation? Look no further than Lemon.io — the marketplace that connects you with han...,2026-09-30 19:18:44
7bdaed17e056,Senior Independent Software Developer,A.Team,"Americas, Europe, Israel",2026-09-16,2w ago,Contract,$90 - $150 /hour,Remotive,https://remotive.com/remote-jobs/software-development/senior-independent-software-developer-1919265,"go, wordpress, chat, apple, testing","You must be located in the Americas, Europe, or Israel to apply.A·Team is a VC-backed, stealth, application-only home on the internet for senior independent software builders to team up with hand-pick...",2026-09-30 19:18:44
f9b5d812c3cf,Senior Independent AI Engineer / Architect,A.Team,"Americas, Europe, Israel",2026-09-16,2w ago,Contract,$120 - $170 /hour,Remotive,https://remotive.com/remote-jobs/software-development/senior-independent-ai-engineer-architect-1919266,"go, UI/UX, wordpress, chat, apple","Senior Independent AI Engineer / Architect Remote | Americas, Europe, or Israel Most AI engineers can find work. Finding work worth doing is harder. A.Team is an invite-only network of senior AI engin...",2026-09-30 19:18:44
fa86c047fec8,Tech Lead Full-Stack Rails Engineer,Mitre Media,"USA, Canada, USA timezones",2026-09-14,2w ago,Full Time,$170k - $200k,Remotive,https://remotive.com/remote-jobs/software-development/tech-lead-full-stack-rails-engineer-2069746,"api, CSS, docker, elasticsearch, fullstack","About Mitre Media Mitre Media is redefining FinTech with AI-driven tools that empower millions of investors. Our portfolio, including Dividend.com and MutualFunds.com, leverages LLMs to deliver novel ...",2026-09-30 19:18:44
20625ba8ddab,Remote Office Assistant,Coalition Technologies,Worldwide,2026-09-11,2w ago,Full Time,"$35,3k- $52k",Remotive,https://remotive.com/remote-jobs/marketing/remote-office-assistant-1680495,"CSS, excel, frontend, git, html","Coalition Technologies is seeking a reliable, detail-oriented, and highly organized Remote Office Assistant to support administrative, bookkeeping, billing, reporting, data entry, and internal operati...",2026-09-30 19:18:44
f15ff99298c6,AI Response Evaluator,iMerit Technology,"France, Japan, Turkey, Vietnam, Mexico, Norway",2026-09-11,2w ago,Freelance,$10K-$20K,Remotive,https://remotive.com/remote-jobs/artificial-intelligence/ai-response-evaluator-2091126,"AI/ML, research, SOLID","iMerit is looking for detail oriented analysts to evaluate and rank AI generated responses to image based prompts. You will judge answers on accuracy, relevance, clarity, conciseness, safety, localiza...",2026-09-30 19:18:44
aa3ac89260f7,Inside Sales Contractor,"Credit Wellness, LLC",Worldwide,2026-09-08,3w ago,Full Time,OTE $25k - $35k,Remotive,https://remotive.com/remote-jobs/sales/inside-sales-contractor-2086540,"CRM, google sheets, financial services, Inside Sales",About Us We are a financial services start up focusing on helping to improve consumer credit profiles. We are currently seeking KPI driven sales representatives looking to earn up to 45K in their firs...,2026-09-30 19:18:44
a1d932723b72,Tier III Service Desk Engineer,Unio Digital,Worldwide,2026-09-07,3w ago,Full Time,Competitive / Unspecified,Remotive,https://remotive.com/remote-jobs/information-technology/tier-iii-service-desk-engineer-2091045,"azure, cisco, security, video, documentation","Unió Digital is an Arizona-based managed service provider (MSP) delivering Managed IT Services, Low Voltage Cabling, Access Control, Video Surveillance, and Intrusion Services. We believe technology s...",2026-09-30 19:18:44
a782a9b62918,Freelance Writer,IAPWE,Worldwide,2026-09-04,3w ago,Freelance,$50-$75 /hour,Remotive,https://remotive.com/remote-jobs/writing/freelance-writer-1185979,REST,Our organization is seeking content writers to create articles and blog posts on a variety of topics. The rate of pay is $20 per 100 words (this comes out to approximately $100 per article or $50 per ...,2026-09-30 19:18:44
fa1b66ac6f84,Freelance Copywriter,Coalition Technologies,Worldwide,2026-09-02,4w ago,Freelance,$20k -$35k,Remotive,https://remotive.com/remote-jobs/writing/freelance-copywriter-1749306,"accounting, excel, research, data analysis, bookkeeping","CT Marketing Agency is seeking skilled Freelance Copywriters to write high-quality, SEO-driven content for eCommerce and lead generation websites. This is a freelance, project-based writing role. The ...",2026-09-30 19:18:44
